id,company_name,source,industry,industry_code,geography,state,city,company_size_band,email,email_type,phone,email_verified_flag,phone_verified_flag,decision_maker_title_match_flag,contact_last_verified_date,prior_successful_contact_flag,tender_count_trailing_12mo,last_tender_date,avg_tender_value,tender_category_tags,expansion_announcement_flag,expansion_announcement_date,procurement_role_hiring_flag,procurement_role_hiring_date,import_shipment_count_trailing_12mo,import_shipment_last_date,evidence_capture_date,corroborating_source_count,corroborating_source_ids,extraction_method,company_legal_status,duplicate_record_flag,internal_complaint_count,tender_cancellation_history_flag,source_spam_rate,estimated_company_revenue_band,tender_value_if_known,urgency_deadline_date,opportunity_requirement_tags,budget_band_estimate,notes
lead-001,Bharat Steel Constructions Ltd,Government Tender,construction,construction,maharashtra,Maharashtra,Pune,medium,procurement@bharatsteel.co.in,named,+912012345678,TRUE,TRUE,TRUE,2026-06-15,FALSE,4,2026-07-01,320,construction|steel structure|industrial,FALSE,,TRUE,2026-05-20,,,2026-07-10,2,src-gem|src-cppp,vendor_api,active,FALSE,0,FALSE,0.05,150,320,2026-08-15,construction|peb|steel structure|warehouse,320,GeM portal tender for industrial shed construction
lead-002,Anand Logistics Pvt Ltd,Google Maps,logistics,logistics,gujarat,Gujarat,Ahmedabad,small,info@anandlogistics.com,generic,+917912345678,FALSE,FALSE,FALSE,,FALSE,,,,,,,,,,,,2026-06-01,0,,manual,active,FALSE,0,FALSE,,25,,,logistics|warehouse,20,Only phone and address from Maps
lead-003,Greenfield Infrastructure,RFQ (Private Company),infrastructure,infrastructure,delhi,Delhi,New Delhi,large,ceo@greenfield-infra.com,named,+911112345678,TRUE,TRUE,TRUE,2026-07-05,TRUE,2,2026-06-20,750,infrastructure|epc|civil works,TRUE,2026-04-01,TRUE,2026-06-01,8,2026-05-15,2026-07-12,3,src-rfq|src-news|src-site,manual,active,FALSE,0,FALSE,0.02,500,750,2026-07-30,infrastructure|epc|civil works|construction,750,Private RFQ submitted directly
lead-004,Horizon Textile Mills,Hiring,manufacturing,manufacturing,rajasthan,Rajasthan,Jaipur,medium,admin@horizontextile.in,generic,+917812345678,TRUE,FALSE,FALSE,2026-03-01,FALSE,,,,,,,FALSE,,TRUE,2026-06-25,3,2026-06-20,2026-07-08,1,src-naukri,vendor_api,active,FALSE,0,FALSE,0.25,80,,,manufacturing|procurement|sourcing,50,Hired 3 procurement officers in Q2
lead-005,Ratan Business Services,Business Directory,retail,,rajasthan,Rajasthan,Jodhpur,micro,contact@ratanbiz.in,generic,,FALSE,FALSE,FALSE,,FALSE,,,,,,,,,,,,2026-01-10,0,,scraped,unknown,FALSE,0,FALSE,0.45,5,,,retail,10,Old directory listing
lead-006,MegaBuild EPC Ltd,News,construction,construction,karnataka,Karnataka,Bengaluru,large,info@megabuild-epc.com,generic,+918012345678,FALSE,FALSE,FALSE,,FALSE,1,2026-05-01,500,construction|epc,TRUE,2026-06-01,FALSE,,5,2026-05-20,2026-07-05,2,src-news|src-company-site,scraped_verified,active,FALSE,0,FALSE,0.20,300,500,2026-09-01,construction|epc|infrastructure,500,Factory expansion announced
lead-007,Sunrise Solar Power Corp,Manual Research,manufacturing,manufacturing,gujarat,Gujarat,Surat,large,director@sunrisesolar.com,named,+912612345678,TRUE,TRUE,TRUE,2026-07-10,FALSE,6,2026-07-05,1200,solar|energy|manufacturing|EPC,TRUE,2026-05-15,TRUE,2026-06-01,12,2026-07-01,2026-07-12,4,src-gem|src-import|src-news|src-analyst,manual,active,FALSE,0,FALSE,0.02,800,1200,2026-07-25,construction|industrial|manufacturing|epc,1200,Analyst-verified strong signals
lead-008,Jain Exports Ltd,Import/Export,export,export,gujarat,Gujarat,Rajkot,medium,purchase@jainexports.in,named,+912812345678,TRUE,FALSE,TRUE,2026-04-01,FALSE,,,,,,,FALSE,,FALSE,,18,2026-07-08,2026-07-10,1,src-customs,vendor_api,active,FALSE,0,FALSE,0.08,120,,,export|procurement|sourcing,100,High import frequency
lead-009,XYZ Consulting Group,Business Directory,consulting,consulting,mumbai,Maharashtra,Mumbai,small,hello@xyz-consulting.com,generic,+912212345678,FALSE,FALSE,FALSE,,FALSE,,,,,,,,,,,,2025-06-01,0,,scraped,struck_off,TRUE,2,TRUE,0.55,10,,,consulting,5,Struck-off company
lead-010,AquaTech Water Systems,Government Tender,infrastructure,infrastructure,uae,UAE,Dubai,large,procurement@aquatech.ae,named,+97143456789,TRUE,TRUE,TRUE,2026-07-01,FALSE,3,2026-06-25,450,water|infrastructure|epc,FALSE,,FALSE,,2,2026-05-01,2026-07-11,2,src-gem|src-rfq,vendor_api,active,FALSE,0,FALSE,0.03,250,450,2026-08-20,infrastructure|epc|construction,450,UAE government tender from Dubai
